Qty;Value;Device;Package;Parts;Description;AVAILABILITY;DESCRIPTION;MF;MP;MPN;OC_FARNELL;OC_NEWARK;PACKAGE;POPULARITY;PRICE;PZEMTECH
1;;PINHD-1X2;1X02;JUMPER;PIN HEADER;;;;;;;;;98;;
1;;PINHD-1X5;1X05;JP1;PIN HEADER;;;;;;;;;69;;
3;;PZEM;PZEM;PZ1, PZ2, PZ3;;;;;;;;;;;;
1;;SCHOTTKY-DIODESMD;SMB;D4;Schottky Diode;;;;;;;;;2;;
1;10k;R-EU_R0805;R0805;R1;RESISTOR, European symbol;;;;;;;;;;;
3;1A;DIODE-DO-214AC;DO-214AC;D1, D2, D3;DIODE;;;;;;;;;25;;
1;200;R-EU_M0805;M0805;R4;RESISTOR, European symbol;;;;;;;;;;;
1;4.7k;R-EU_M0805;M0805;R5;RESISTOR, European symbol;;;;;;;;;;;
1;CON-HITAM-4P;CON-HITAM-4P;CON-HITAM-4P;U$1;;;;;;;;;;;;
3;FUSEPICOFUSE;FUSEPICOFUSE;PICOFUSE;F1, F2, F3;Fuse;;;;;;unknown;unknown;;1;;
1;HLK-10M05;HLK-10M05;HLK10M05;PS1;HI-LINK HLK-10M05;Not in stock; 10W Ultra-Compact Power Module ;Hi-link;HLK-10M05;;;;Package ;;None;
1;OUT;W237-06P;W237-6P;X1;WAGO SREW CLAMP;;;;;;unknown;unknown;;1;;
1;PC817;PC817;DIL04;OK1;SHARP OPTO COUPLER;;;;;PC817X4J000F;9707727;97K7059;;20;;
