"Qty";"Value";"Device";"Package";"Parts";"Description";"AVAILABILITY";"DESCRIPTION";"MF";"MP";"MPN";"OC_FARNELL";"OC_NEWARK";"PACKAGE";"POPULARITY";"PRICE";"PURCHASE-URL";
"2";"";"PINHD-1X2";"1X02";"JP3, JP4";"PIN HEADER";"";"";"";"";"";"";"";"";"98";"";"";
"1";"";"PINHD-1X5";"1X05";"JP1";"PIN HEADER";"";"";"";"";"";"";"";"";"69";"";"";
"1";"";"PINHD-1X6";"1X06";"JP2";"PIN HEADER";"";"";"";"";"";"";"";"";"79";"";"";
"1";"";"TTGOLORA";"TTGOLORA";"U$1";"";"";"";"";"";"";"";"";"";"";"";"";
"6";"10K";"R-EU_R0805";"R0805";"R1, R2, R3, R4, R5, R6";"RESISTOR, European symbol";"";"";"";"";"";"";"";"";"";"";"";
"2";"10uf";"C-EUC0805";"C0805";"C1, C2";"CAPACITOR, European symbol";"";"";"";"";"";"";"";"";"";"";"";
"2";"2A";"DIODE-SMB";"SMB";"D1, D2";"DIODE";"";"";"";"";"";"";"";"";"11";"";"";
"1";"4k7";"R-EU_M0805";"M0805";"R7";"RESISTOR, European symbol";"";"";"";"";"";"";"";"";"";"";"";
"2";"BSS138";"BSS138";"SOT23";"Q1, Q2";"BSS138 N-Channel Logic Level Enhancement Mode Field Effect Transistor";"In Stock";" N-CH MOSFET 50V 0.34A SOT-23-3L ";"Diodes Inc.";"BSS138";"";"";"";"SOT-23-3 Diodes Inc.";"";"None";"https://pricing.snapeda.com/search/part/BSS138/?ref=eda";
"1";"MINI_W5500";"MINI_W5500";"MINI_W5500";"U$3";"MINI ETHERNET W5500, CREATE BY MIKROAVR.COM";"";"";"";"";"";"";"";"";"";"";"";
"1";"MSTBV3";"MSTBV3";"MSTBV3";"X1";"PHOENIX";"";"";"";"";"MSTBV 2,5/3-GF-5.08";"1792793";"69R9846";"";"3";"";"";
"1";"REG-AMS1117-3P-3.3V#V";"REG-AMS1117-3P-3.3V#V";"REG-AMS1117-3P#V";"U$2";"Linear Regulator based on AMS1117 chip";"";"";"";"";"";"";"";"";"";"";"";
